{"cameraMode":{"drawMode":0,"name":"Shaded","section":"Shading Mode"},"sceneLighting":true,"audioPlay":false,"sceneViewState":{"m_AlwaysRefresh":false,"showFog":true,"showSkybox":true,"showFlares":true,"showImageEffects":true,"showParticleSystems":true,"showVisualEffectGraphs":true,"m_FxEnabled":true},"in2DMode":false,"pivot":{"x":0.11870935559272766,"y":-2.3823962211608888,"z":-0.10393330454826355},"rotation":{"x":0.31693312525749209,"y":0.0056906454265117649,"z":-0.0019016218138858677,"w":0.9484295845031738},"size":8.135309219360352,"orthographic":true}